{"mean": 2.2443699836730957, "std": 4.42909049987793, "min": -0.00443267822265625, "max": 176.76356506347656, "log_mean": -4.106533050537109, "log_std": 6.817748069763184, "log_min": -18.42068099975586, "log_max": 5.174813270568848}