{"mean": 2.244374990463257, "std": 4.4290876388549805, "min": 1.000000013351432e-10, "max": 176.76356506347656, "log_mean": -4.285794258117676, "log_std": 7.2392048835754395, "log_min": -23.025850296020508, "log_max": 5.174813270568848}