{"mean": 8.857804298400879, "std": 6.123944282531738, "min": -21.42889404296875, "max": 31.1368408203125, "log_mean": null, "log_std": null, "log_min": null, "log_max": null}