{"mean": 1013.2084350585938, "std": 10.839028358459473, "min": 965.749755859375, "max": 1048.2559814453125, "log_mean": null, "log_std": null, "log_min": null, "log_max": null}