{"mean": 9.145798683166504, "std": 6.00665807723999, "min": -20.111083984375, "max": 26.986480712890625, "log_mean": null, "log_std": null, "log_min": null, "log_max": null}