{"mean": 0.06700696051120758, "std": 0.15003187954425812, "min": 7.944024778272496e-12, "max": 4.421122074127197, "log_mean": -4.78300666809082, "log_std": 3.889695167541504, "log_min": -25.55860137939453, "log_max": 1.4863935708999634, "asinh_mean": 0.06445889919996262, "asinh_std": 0.13313111662864685, "asinh_min": 7.944024778272496e-12, "asinh_max": 2.192092180252075, "asinh_scale": 1.0, "boxcox_mean": -2.021494150161743, "boxcox_std": 0.4900377094745636, "boxcox_min": -2.496037721633911, "boxcox_max": 1.8766084909439087, "boxcox_lambda": 0.3}