{"mean": 2.2393293380737305, "std": 4.4271745681762695, "min": 1.000000013351432e-10, "max": 175.63856506347656, "log_mean": -4.301130294799805, "log_std": 7.243206977844238, "log_min": -23.025850296020508, "log_max": 5.168428421020508, "asinh_mean": 0.8702119588851929, "asinh_std": 1.0952298641204834, "asinh_min": 1.000000013351432e-10, "asinh_max": 5.861583709716797, "asinh_scale": 1.0, "boxcox_mean": -0.4697021543979645, "boxcox_std": 2.089711904525757, "boxcox_min": -2.496037721633911, "boxcox_max": 12.380138397216797, "boxcox_lambda": 0.3}