{"mean": 0.07132995128631592, "std": 0.1584756225347519, "min": 7.944024778272496e-12, "max": 4.421122074127197, "log_mean": -4.727402687072754, "log_std": 3.9164369106292725, "log_min": -25.55860137939453, "log_max": 1.4863935708999634}