{"mean": 71.32987976074219, "std": 158.4756622314453, "min": 0.0, "max": 4421.1220703125, "log_mean": 1.7545464038848877, "log_std": 5.455286502838135, "log_min": -18.650846481323242, "log_max": 8.394148826599121}