{"mean": 108.08911895751953, "std": 87.80014038085938, "min": -286.9358215332031, "max": 373.1681213378906, "log_mean": null, "log_std": null, "log_min": null, "log_max": null}