{"mean": 108.12646484375, "std": 87.8299560546875, "min": -287.0338439941406, "max": 373.29559326171875, "log_mean": null, "log_std": null, "log_min": null, "log_max": null}