{"mean": 10271.0126953125, "std": 256.0153503417969, "min": 9484.1259765625, "max": 10924.4912109375, "log_mean": null, "log_std": null, "log_min": null, "log_max": null}