{"mean": 10267.4677734375, "std": 255.92752075195312, "min": 9480.8876953125, "max": 10920.7607421875, "log_mean": null, "log_std": null, "log_min": null, "log_max": null}