{"mean": 5530.7197265625, "std": 164.42576599121094, "min": 4958.9404296875, "max": 5920.779296875, "log_mean": null, "log_std": null, "log_min": null, "log_max": null}