{"mean": 5528.81982421875, "std": 164.36903381347656, "min": 4957.2470703125, "max": 5918.75732421875, "log_mean": null, "log_std": null, "log_min": null, "log_max": null}