{"mean": 77.03324127197266, "std": 128.12655639648438, "min": -593.6052856445312, "max": 905.82470703125, "log_mean": null, "log_std": null, "log_min": null, "log_max": null}