{"mean": 8.413756370544434, "std": 6.317849636077881, "min": -17.609222412109375, "max": 26.480682373046875, "log_mean": null, "log_std": null, "log_min": null, "log_max": null}