{"mean": 2.371776580810547, "std": 3.9279158115386963, "min": 3.030405093529254e-11, "max": 86.51264190673828, "log_mean": -2.4744880199432373, "log_std": 5.87138557434082, "log_min": -24.21973991394043, "log_max": 4.460290431976318, "asinh_mean": 1.0079610347747803, "asinh_std": 1.0631167888641357, "asinh_min": 3.030405093529254e-11, "asinh_max": 5.153470993041992, "asinh_scale": 1.0, "boxcox_mean": -0.12890629470348358, "boxcox_std": 1.95928955078125, "boxcox_min": -2.496037721633911, "boxcox_max": 9.372925758361816, "boxcox_lambda": 0.3}