{"mean": 1434.90673828125, "std": 93.89677429199219, "min": 1030.2823486328125, "max": 1705.6859130859375, "log_mean": null, "log_std": null, "log_min": null, "log_max": null}