{"mean": 1435.39404296875, "std": 93.92876434326172, "min": 1030.63427734375, "max": 1706.2685546875, "log_mean": null, "log_std": null, "log_min": null, "log_max": null}