{"mean": 26.477937698364258, "std": 102.42820739746094, "min": -536.6622314453125, "max": 809.3327026367188, "log_mean": null, "log_std": null, "log_min": null, "log_max": null}