{"mean": 2.3961687088012695, "std": 3.963441848754883, "min": 0.0, "max": 86.51264190673828, "log_mean": -2.4946298599243164, "log_std": 5.920567035675049, "log_min": -24.21973991394043, "log_max": 4.460290431976318}